{
    "ticket": "> Olá {user}, A equipe de atendimento já está ciente da abertura do seu ticket. Enquanto aguarda um Staff, sinta-se á vontade para informar seu problema.\n\n- 👤 **Aberto por:** `{userName}`\n- 🛠 **Assumido por:** `{staffName}`\n- 📁 **Categoria:** `{category}`",
    "staffNotification": "> Olá {user}, o staff {staff} está aguardando uma resposta no ticket, clique no botão abaixo para ir até seu ticket.",
    "memberNotification": "> Olá {staff}, o membro {user} está aguardando uma resposta no ticket, clique no botão abaixo para ir até o atendimento.",
    "feedback": "## ⭐ Avalie Nosso Atendimento\n- Você pode avaliar o atendimento que lhe foi fornecido em uma escala de 1 á 5 clicando no botão anexado nesta mensagem.\n\n## ❓ Por que nos avaliar?\n- Ao avaliar nosso atendimento você nos ajuda a sempre melhorar e fornecer sempre o melhor suporte possível para os nossos clientes.",
    "assumir": "> Olá {user}, o staff {staff} agora é responsável pelo seu atendimento, clique no botão abaixo para ir até seu ticket.",
    "atribuir": "> Olá {user}, o staff {staff} passou a posse do atendimento para você, clique no botão abaixo para ir até o ticket."
}